mode,LossNum,run,iteration,cost,inner iteration
off-policy,calc_loss_8_off,0,0,246.01707825150436,
off-policy,calc_loss_8_off,0,1,207.11167140068767,0.0
off-policy,calc_loss_8_off,0,2,190.51513785135717,0.0
off-policy,calc_loss_8_off,0,3,467.1525977386456,0.0
off-policy,calc_loss_8_off,0,4,200.13052180702246,0.0
off-policy,calc_loss_8_off,0,5,210.1782244263679,0.0
off-policy,calc_loss_8_off,0,6,329.4922189917647,0.0
off-policy,calc_loss_8_off,0,7,419.939649078666,0.0
off-policy,calc_loss_8_off,0,8,215.1078636414928,0.0
off-policy,calc_loss_8_off,0,9,210.83631372943566,0.0
off-policy,calc_loss_8_off,0,10,463.8449598416951,0.0
off-policy,calc_loss_8_off,0,11,211.40009021908057,0.0
off-policy,calc_loss_8_off,0,12,278.3931225549962,0.0
off-policy,calc_loss_8_off,0,13,466.6284931968304,0.0
off-policy,calc_loss_8_off,0,14,467.0700225216894,0.0
off-policy,calc_loss_8_off,0,15,192.60688152111703,0.0
off-policy,calc_loss_8_off,0,16,467.1910001733065,0.0
off-policy,calc_loss_8_off,0,17,358.3975749100074,0.0
off-policy,calc_loss_8_off,0,18,92.58561627717725,0.0
off-policy,calc_loss_8_off,0,19,466.86533802534893,0.0
off-policy,calc_loss_8_off,0,20,82.88133503890897,0.0
off-policy,calc_loss_8_off,0,21,214.48504388669596,0.0
off-policy,calc_loss_8_off,0,22,78.88133126918491,0.0
off-policy,calc_loss_8_off,0,23,466.87172747860023,0.0
off-policy,calc_loss_8_off,0,24,462.3938547270079,0.0
off-policy,calc_loss_8_off,0,25,185.99514984497023,0.0
off-policy,calc_loss_8_off,0,26,178.44979430692666,0.0
off-policy,calc_loss_8_off,0,27,207.94987096157584,0.0
off-policy,calc_loss_8_off,0,28,462.45507612867675,0.0
off-policy,calc_loss_8_off,0,29,96.85352581546671,0.0
off-policy,calc_loss_8_off,0,30,208.97381688511257,0.0
off-policy,calc_loss_8_off,0,31,467.20142331540893,0.0
off-policy,calc_loss_8_off,0,32,149.93546112242308,0.0
off-policy,calc_loss_8_off,0,33,467.3056541843513,0.0
off-policy,calc_loss_8_off,0,34,204.9755053351053,0.0
off-policy,calc_loss_8_off,0,35,466.1881789776686,0.0
off-policy,calc_loss_8_off,0,36,211.2621565070262,0.0
off-policy,calc_loss_8_off,0,37,467.1610230928685,0.0
off-policy,calc_loss_8_off,0,38,463.8604160560998,0.0
off-policy,calc_loss_8_off,0,39,466.94595043929417,0.0
off-policy,calc_loss_8_off,0,40,93.8340903571294,0.0
off-policy,calc_loss_8_off,0,41,259.33450670354875,0.0
off-policy,calc_loss_8_off,0,42,206.13896996023857,0.0
off-policy,calc_loss_8_off,0,43,204.73931914379165,0.0
off-policy,calc_loss_8_off,0,44,190.31885531398567,0.0
off-policy,calc_loss_8_off,0,45,467.1183078807358,0.0
off-policy,calc_loss_8_off,0,46,203.48818206052937,0.0
off-policy,calc_loss_8_off,0,47,456.9947230550739,0.0
off-policy,calc_loss_8_off,0,48,206.68746081578217,0.0
off-policy,calc_loss_8_off,0,49,457.9968438410193,0.0
off-policy,calc_loss_8_off,0,50,467.09656125050213,0.0
off-policy,calc_loss_8_off,0,51,231.30720533834403,0.0
off-policy,calc_loss_8_off,0,52,198.00690296441047,0.0
off-policy,calc_loss_8_off,0,53,467.2167984540982,0.0
off-policy,calc_loss_8_off,0,54,197.77355387271936,0.0
off-policy,calc_loss_8_off,0,55,94.53223330113832,0.0
off-policy,calc_loss_8_off,0,56,201.55082600426692,0.0
off-policy,calc_loss_8_off,0,57,215.59938476043405,0.0
off-policy,calc_loss_8_off,0,58,467.2101295832575,0.0
off-policy,calc_loss_8_off,0,59,457.7748053588457,0.0
off-policy,calc_loss_8_off,0,60,198.2658114403392,0.0
off-policy,calc_loss_8_off,0,61,462.7269088356082,0.0
off-policy,calc_loss_8_off,0,62,161.86716731093267,0.0
off-policy,calc_loss_8_off,0,63,207.43156201276935,0.0
off-policy,calc_loss_8_off,0,64,466.86370148415256,0.0
off-policy,calc_loss_8_off,0,65,211.73440082206028,0.0
off-policy,calc_loss_8_off,0,66,77.23675827108062,0.0
off-policy,calc_loss_8_off,0,67,201.72899753051706,0.0
off-policy,calc_loss_8_off,0,68,461.35674657726065,0.0
off-policy,calc_loss_8_off,0,69,467.0750420042937,0.0
off-policy,calc_loss_8_off,0,70,200.75613471254286,0.0
off-policy,calc_loss_8_off,0,71,190.2501375269476,0.0
off-policy,calc_loss_8_off,0,72,462.12146880260684,0.0
off-policy,calc_loss_8_off,0,73,168.79870303001783,0.0
off-policy,calc_loss_8_off,0,74,177.34931641913178,0.0
off-policy,calc_loss_8_off,0,75,295.8992360268253,0.0
off-policy,calc_loss_8_off,0,76,463.47879969541015,0.0
off-policy,calc_loss_8_off,0,77,453.45359643073675,0.0
off-policy,calc_loss_8_off,0,78,204.96469129818223,0.0
off-policy,calc_loss_8_off,0,79,467.27553034682455,0.0
off-policy,calc_loss_8_off,0,80,467.18322116201716,0.0
off-policy,calc_loss_8_off,0,81,466.8553707001076,0.0
off-policy,calc_loss_8_off,0,82,467.2210997838441,0.0
off-policy,calc_loss_8_off,0,83,204.0952145800271,0.0
off-policy,calc_loss_8_off,0,84,467.0360952759406,0.0
off-policy,calc_loss_8_off,0,85,166.91334265391598,0.0
off-policy,calc_loss_8_off,0,86,203.7604559809062,0.0
off-policy,calc_loss_8_off,0,87,194.80934520702834,0.0
off-policy,calc_loss_8_off,0,88,112.22094515250333,0.0
off-policy,calc_loss_8_off,0,89,231.93906390874662,0.0
off-policy,calc_loss_8_off,0,90,454.5174207159635,0.0
off-policy,calc_loss_8_off,0,91,455.6157825572938,0.0
off-policy,calc_loss_8_off,0,92,76.2482174996475,0.0
off-policy,calc_loss_8_off,0,93,456.14537943726174,0.0
off-policy,calc_loss_8_off,0,94,197.11184595247687,0.0
off-policy,calc_loss_8_off,0,95,205.1443185933805,0.0
off-policy,calc_loss_8_off,0,96,233.75793770518044,0.0
off-policy,calc_loss_8_off,0,97,467.1667057799001,0.0
off-policy,calc_loss_8_off,0,98,195.4649945864604,0.0
off-policy,calc_loss_8_off,0,99,467.06100181897534,0.0
off-policy,calc_loss_8_off,0,100,309.661182613899,0.0
off-policy,calc_loss_8_off,0,101,94.08161437309478,0.0
off-policy,calc_loss_8_off,0,102,204.91703882671038,0.0
off-policy,calc_loss_8_off,0,103,462.9016866311038,0.0
off-policy,calc_loss_8_off,0,104,198.54122611056866,0.0
off-policy,calc_loss_8_off,0,105,200.5167661256868,0.0
off-policy,calc_loss_8_off,0,106,201.58616691471954,0.0
off-policy,calc_loss_8_off,0,107,467.2123450882679,0.0
off-policy,calc_loss_8_off,0,108,377.6979252470784,0.0
off-policy,calc_loss_8_off,0,109,110.31014921932474,0.0
off-policy,calc_loss_8_off,0,110,463.65908869554175,0.0
off-policy,calc_loss_8_off,0,111,211.82443332364463,0.0
off-policy,calc_loss_8_off,0,112,196.171112390877,0.0
off-policy,calc_loss_8_off,0,113,464.1666115178452,0.0
off-policy,calc_loss_8_off,0,114,203.83283837554904,0.0
off-policy,calc_loss_8_off,0,115,135.08152874680653,0.0
off-policy,calc_loss_8_off,0,116,204.65135599490623,0.0
off-policy,calc_loss_8_off,0,117,461.0625565077775,0.0
off-policy,calc_loss_8_off,0,118,460.70548076231483,0.0
off-policy,calc_loss_8_off,0,119,444.23634222735217,0.0
off-policy,calc_loss_8_off,0,120,461.8877311838437,0.0
off-policy,calc_loss_8_off,0,121,194.62114779705098,0.0
off-policy,calc_loss_8_off,0,122,77.2861595629286,0.0
off-policy,calc_loss_8_off,0,123,459.8329280852522,0.0
off-policy,calc_loss_8_off,0,124,462.3460041100474,0.0
off-policy,calc_loss_8_off,0,125,207.40834152863926,0.0
off-policy,calc_loss_8_off,0,126,463.5209998342091,0.0
off-policy,calc_loss_8_off,0,127,205.56474562453295,0.0
off-policy,calc_loss_8_off,0,128,444.18837675853547,0.0
off-policy,calc_loss_8_off,0,129,461.9717250780719,0.0
off-policy,calc_loss_8_off,0,130,205.19311598972934,0.0
off-policy,calc_loss_8_off,0,131,194.5966175920794,0.0
off-policy,calc_loss_8_off,0,132,250.8479123309106,0.0
off-policy,calc_loss_8_off,0,133,457.8988499958773,0.0
off-policy,calc_loss_8_off,0,134,114.11615737667387,0.0
off-policy,calc_loss_8_off,0,135,203.68591236543386,0.0
off-policy,calc_loss_8_off,0,136,461.58336682104346,0.0
off-policy,calc_loss_8_off,0,137,135.109545808931,0.0
off-policy,calc_loss_8_off,0,138,467.13488479671184,0.0
off-policy,calc_loss_8_off,0,139,203.2471710819471,0.0
off-policy,calc_loss_8_off,0,140,163.5980116671581,0.0
off-policy,calc_loss_8_off,0,141,466.91755664939996,0.0
off-policy,calc_loss_8_off,0,142,396.51367516704596,0.0
off-policy,calc_loss_8_off,0,143,467.1856049904795,0.0
off-policy,calc_loss_8_off,0,144,91.40714046413876,0.0
off-policy,calc_loss_8_off,0,145,466.90562373013046,0.0
off-policy,calc_loss_8_off,0,146,464.4835044790316,0.0
off-policy,calc_loss_8_off,0,147,467.1491575768699,0.0
off-policy,calc_loss_8_off,0,148,467.1969594957826,0.0
off-policy,calc_loss_8_off,0,149,462.86763314953663,0.0
off-policy,calc_loss_8_off,0,150,209.0098808380691,0.0
off-policy,calc_loss_8_off,0,151,449.26717418829105,0.0
off-policy,calc_loss_8_off,0,152,467.1394885936037,0.0
off-policy,calc_loss_8_off,0,153,215.96203041673624,0.0
off-policy,calc_loss_8_off,0,154,417.9202823220049,0.0
off-policy,calc_loss_8_off,0,155,96.12360807859899,0.0
off-policy,calc_loss_8_off,0,156,463.6772302974654,0.0
off-policy,calc_loss_8_off,0,157,77.48128336487827,0.0
off-policy,calc_loss_8_off,0,158,124.20247504842824,0.0
off-policy,calc_loss_8_off,0,159,192.1758871361542,0.0
off-policy,calc_loss_8_off,0,160,465.92464228332085,0.0
off-policy,calc_loss_8_off,0,161,200.35260022061405,0.0
off-policy,calc_loss_8_off,0,162,446.0208232428008,0.0
off-policy,calc_loss_8_off,0,163,202.0932390574921,0.0
off-policy,calc_loss_8_off,0,164,120.78879323085755,0.0
off-policy,calc_loss_8_off,0,165,466.9680008128029,0.0
off-policy,calc_loss_8_off,0,166,187.76850407737285,0.0
off-policy,calc_loss_8_off,0,167,198.15598997140853,0.0
off-policy,calc_loss_8_off,0,168,467.0358928286475,0.0
off-policy,calc_loss_8_off,0,169,206.39364175423592,0.0
off-policy,calc_loss_8_off,0,170,467.247271513531,0.0
off-policy,calc_loss_8_off,0,171,221.75054845500614,0.0
off-policy,calc_loss_8_off,0,172,209.56082562582102,0.0
off-policy,calc_loss_8_off,0,173,217.862147417428,0.0
off-policy,calc_loss_8_off,0,174,207.45961048045575,0.0
off-policy,calc_loss_8_off,0,175,467.24603277239777,0.0
off-policy,calc_loss_8_off,0,176,116.66489389513733,0.0
off-policy,calc_loss_8_off,0,177,190.08313735622247,0.0
off-policy,calc_loss_8_off,0,178,130.95110303335053,0.0
off-policy,calc_loss_8_off,0,179,467.2380138797574,0.0
off-policy,calc_loss_8_off,0,180,199.63805209203514,0.0
off-policy,calc_loss_8_off,0,181,467.0243900052909,0.0
off-policy,calc_loss_8_off,0,182,256.4477758083417,0.0
off-policy,calc_loss_8_off,0,183,126.19529417801368,0.0
off-policy,calc_loss_8_off,0,184,466.6834530712094,0.0
off-policy,calc_loss_8_off,0,185,84.5428369080169,0.0
off-policy,calc_loss_8_off,0,186,464.36901378270977,0.0
off-policy,calc_loss_8_off,0,187,200.0151073993247,0.0
off-policy,calc_loss_8_off,0,188,121.79784490688505,0.0
off-policy,calc_loss_8_off,0,189,192.36613128969788,0.0
off-policy,calc_loss_8_off,0,190,209.63469850673792,0.0
off-policy,calc_loss_8_off,0,191,231.54533270346107,0.0
off-policy,calc_loss_8_off,0,192,460.13179266881036,0.0
off-policy,calc_loss_8_off,0,193,310.8180626782684,0.0
off-policy,calc_loss_8_off,0,194,175.56243532745242,0.0
off-policy,calc_loss_8_off,0,195,127.99771461011439,0.0
off-policy,calc_loss_8_off,0,196,274.1555332998338,0.0
off-policy,calc_loss_8_off,0,197,272.29933999937697,0.0
off-policy,calc_loss_8_off,0,198,391.007909152691,0.0
off-policy,calc_loss_8_off,0,199,467.1690403864933,0.0
off-policy,calc_loss_8_off,0,200,467.1854293457982,0.0
off-policy,calc_loss_8_off,0,201,204.51075945347046,0.0
off-policy,calc_loss_8_off,0,202,88.33786950582288,0.0
off-policy,calc_loss_8_off,0,203,464.61678100555497,0.0
off-policy,calc_loss_8_off,0,204,214.4751539618519,0.0
off-policy,calc_loss_8_off,0,205,201.24112993542303,0.0
off-policy,calc_loss_8_off,0,206,200.91807840197376,0.0
off-policy,calc_loss_8_off,0,207,463.8578498061047,0.0
off-policy,calc_loss_8_off,0,208,310.2769592275561,0.0
off-policy,calc_loss_8_off,0,209,466.32992299747264,0.0
off-policy,calc_loss_8_off,0,210,202.7344048390795,0.0
off-policy,calc_loss_8_off,0,211,229.01415937548322,0.0
off-policy,calc_loss_8_off,0,212,216.94774962287826,0.0
off-policy,calc_loss_8_off,0,213,180.21818350403623,0.0
off-policy,calc_loss_8_off,0,214,188.19998052034717,0.0
off-policy,calc_loss_8_off,0,215,467.1576445361281,0.0
off-policy,calc_loss_8_off,0,216,463.226502490914,0.0
off-policy,calc_loss_8_off,0,217,201.40522220532418,0.0
off-policy,calc_loss_8_off,0,218,193.74761469354445,0.0
off-policy,calc_loss_8_off,0,219,465.0647583390189,0.0
off-policy,calc_loss_8_off,0,220,205.5773027968807,0.0
off-policy,calc_loss_8_off,0,221,197.29545594567583,0.0
off-policy,calc_loss_8_off,0,222,197.24885684623845,0.0
off-policy,calc_loss_8_off,0,223,198.66742516212074,0.0
off-policy,calc_loss_8_off,0,224,202.45780853390306,0.0
off-policy,calc_loss_8_off,0,225,463.26310049369147,0.0
off-policy,calc_loss_8_off,0,226,365.38174894569426,0.0
off-policy,calc_loss_8_off,0,227,441.9763901455951,0.0
off-policy,calc_loss_8_off,0,228,425.8738008784772,0.0
off-policy,calc_loss_8_off,0,229,212.154398392118,0.0
off-policy,calc_loss_8_off,0,230,432.21876359962147,0.0
off-policy,calc_loss_8_off,0,231,202.4507918864119,0.0
off-policy,calc_loss_8_off,0,232,462.17804349111117,0.0
off-policy,calc_loss_8_off,0,233,260.5195600441529,0.0
off-policy,calc_loss_8_off,0,234,467.3586363446499,0.0
off-policy,calc_loss_8_off,0,235,467.19421571486106,0.0
off-policy,calc_loss_8_off,0,236,124.58715496145149,0.0
off-policy,calc_loss_8_off,0,237,459.0061449813804,0.0
off-policy,calc_loss_8_off,0,238,464.52958205130693,0.0
off-policy,calc_loss_8_off,0,239,466.5781731410144,0.0
off-policy,calc_loss_8_off,0,240,269.681360760727,0.0
off-policy,calc_loss_8_off,0,241,458.41661058499477,0.0
off-policy,calc_loss_8_off,0,242,191.78561246795297,0.0
off-policy,calc_loss_8_off,0,243,188.5503505408528,0.0
off-policy,calc_loss_8_off,0,244,290.51942126924905,0.0
off-policy,calc_loss_8_off,0,245,201.39996015927977,0.0
off-policy,calc_loss_8_off,0,246,464.5531736044877,0.0
off-policy,calc_loss_8_off,0,247,466.74549999796625,0.0
off-policy,calc_loss_8_off,0,248,198.16761251431276,0.0
off-policy,calc_loss_8_off,0,249,467.169198110639,0.0
off-policy,calc_loss_8_off,0,250,232.09063692236597,0.0
off-policy,calc_loss_8_off,0,251,467.10310796340184,0.0
off-policy,calc_loss_8_off,0,252,467.04595655450356,0.0
off-policy,calc_loss_8_off,0,253,460.1245993149804,0.0
off-policy,calc_loss_8_off,0,254,400.757118193742,0.0
off-policy,calc_loss_8_off,0,255,453.81760482367713,0.0
off-policy,calc_loss_8_off,0,256,466.8272207319674,0.0
off-policy,calc_loss_8_off,0,257,201.72854772600087,0.0
off-policy,calc_loss_8_off,0,258,193.57239971877823,0.0
off-policy,calc_loss_8_off,0,259,461.4198885612676,0.0
off-policy,calc_loss_8_off,0,260,192.10199028961324,0.0
off-policy,calc_loss_8_off,0,261,208.1088211893957,0.0
off-policy,calc_loss_8_off,0,262,466.8990153425982,0.0
off-policy,calc_loss_8_off,0,263,467.22659862766335,0.0
off-policy,calc_loss_8_off,0,264,466.9766623860588,0.0
off-policy,calc_loss_8_off,0,265,204.06459743024632,0.0
off-policy,calc_loss_8_off,0,266,460.7159745567004,0.0
off-policy,calc_loss_8_off,0,267,467.1427314731213,0.0
off-policy,calc_loss_8_off,0,268,467.1825376989723,0.0
off-policy,calc_loss_8_off,0,269,192.74929798312627,0.0
off-policy,calc_loss_8_off,0,270,215.95253125422929,0.0
off-policy,calc_loss_8_off,0,271,190.99990698342387,0.0
off-policy,calc_loss_8_off,0,272,466.59172400371887,0.0
off-policy,calc_loss_8_off,0,273,467.33552271912055,0.0
off-policy,calc_loss_8_off,0,274,463.41168726231945,0.0
off-policy,calc_loss_8_off,0,275,191.7375019243916,0.0
off-policy,calc_loss_8_off,0,276,206.26891953093175,0.0
off-policy,calc_loss_8_off,0,277,273.46131790226957,0.0
off-policy,calc_loss_8_off,0,278,454.5415214097075,0.0
off-policy,calc_loss_8_off,0,279,467.0374661124504,0.0
off-policy,calc_loss_8_off,0,280,136.0680000317752,0.0
off-policy,calc_loss_8_off,0,281,229.79312560341717,0.0
off-policy,calc_loss_8_off,0,282,187.6778748204989,0.0
off-policy,calc_loss_8_off,0,283,210.7389529334658,0.0
off-policy,calc_loss_8_off,0,284,200.2400875721999,0.0
off-policy,calc_loss_8_off,0,285,123.04916566554478,0.0
off-policy,calc_loss_8_off,0,286,461.1442126326174,0.0
off-policy,calc_loss_8_off,0,287,466.98378620522556,0.0
off-policy,calc_loss_8_off,0,288,466.60482876038964,0.0
off-policy,calc_loss_8_off,0,289,467.20145512521765,0.0
off-policy,calc_loss_8_off,0,290,100.36077084708522,0.0
off-policy,calc_loss_8_off,0,291,132.85087572949664,0.0
off-policy,calc_loss_8_off,0,292,204.16500416319138,0.0
off-policy,calc_loss_8_off,0,293,449.0238192071966,0.0
off-policy,calc_loss_8_off,0,294,467.04726293141516,0.0
off-policy,calc_loss_8_off,0,295,467.12425729204654,0.0
off-policy,calc_loss_8_off,0,296,224.30293121272692,0.0
off-policy,calc_loss_8_off,0,297,255.90979513906353,0.0
off-policy,calc_loss_8_off,0,298,109.65688960332373,0.0
off-policy,calc_loss_8_off,0,299,200.51234610385012,0.0
off-policy,calc_loss_8_off,0,300,195.27106456632484,0.0
off-policy,calc_loss_8_off,0,301,191.37131346104496,0.0
off-policy,calc_loss_8_off,0,302,457.7320132852387,0.0
off-policy,calc_loss_8_off,0,303,90.5173985381876,0.0
off-policy,calc_loss_8_off,0,304,455.4034316023345,0.0
off-policy,calc_loss_8_off,0,305,461.7336692838186,0.0
off-policy,calc_loss_8_off,0,306,221.45759806012524,0.0
off-policy,calc_loss_8_off,0,307,461.0823997499126,0.0
off-policy,calc_loss_8_off,0,308,207.17249854173375,0.0
off-policy,calc_loss_8_off,0,309,92.80136103717126,0.0
off-policy,calc_loss_8_off,0,310,465.0724908797563,0.0
off-policy,calc_loss_8_off,0,311,464.12202828055626,0.0
off-policy,calc_loss_8_off,0,312,462.09317116200435,0.0
off-policy,calc_loss_8_off,0,313,95.46876388437009,0.0
off-policy,calc_loss_8_off,0,314,460.09371628386367,0.0
off-policy,calc_loss_8_off,0,315,204.6275399535385,0.0
off-policy,calc_loss_8_off,0,316,95.44862967935191,0.0
off-policy,calc_loss_8_off,0,317,417.3238423844996,0.0
off-policy,calc_loss_8_off,0,318,436.75854015268516,0.0
off-policy,calc_loss_8_off,0,319,452.77207307830525,0.0
off-policy,calc_loss_8_off,0,320,128.23977110218527,0.0
off-policy,calc_loss_8_off,0,321,467.07638377978714,0.0
off-policy,calc_loss_8_off,0,322,90.92246522282713,0.0
off-policy,calc_loss_8_off,0,323,359.773276908796,0.0
off-policy,calc_loss_8_off,0,324,466.330459833098,0.0
off-policy,calc_loss_8_off,0,325,392.59399306481833,0.0
off-policy,calc_loss_8_off,0,326,467.03101869643257,0.0
off-policy,calc_loss_8_off,0,327,169.91523039390873,0.0
off-policy,calc_loss_8_off,0,328,112.86617885370255,0.0
off-policy,calc_loss_8_off,0,329,459.7571524598161,0.0
off-policy,calc_loss_8_off,0,330,467.2592181716826,0.0
off-policy,calc_loss_8_off,0,331,206.31560099287918,0.0
off-policy,calc_loss_8_off,0,332,203.197723357802,0.0
off-policy,calc_loss_8_off,0,333,466.55550703431976,0.0
off-policy,calc_loss_8_off,0,334,465.995229493849,0.0
off-policy,calc_loss_8_off,0,335,278.0097028042213,0.0
off-policy,calc_loss_8_off,0,336,171.6343569245041,0.0
off-policy,calc_loss_8_off,0,337,188.32434985793466,0.0
off-policy,calc_loss_8_off,0,338,175.11446634515684,0.0
off-policy,calc_loss_8_off,0,339,463.23669104174377,0.0
off-policy,calc_loss_8_off,0,340,465.9050844749025,0.0
off-policy,calc_loss_8_off,0,341,208.2591316074898,0.0
off-policy,calc_loss_8_off,0,342,445.7785147613012,0.0
off-policy,calc_loss_8_off,0,343,467.05258248101387,0.0
off-policy,calc_loss_8_off,0,344,467.1862221012886,0.0
off-policy,calc_loss_8_off,0,345,466.79056258428454,0.0
off-policy,calc_loss_8_off,0,346,84.13997745585822,0.0
off-policy,calc_loss_8_off,0,347,466.39120221641815,0.0
off-policy,calc_loss_8_off,0,348,96.49494883904903,0.0
off-policy,calc_loss_8_off,0,349,446.96062124471786,0.0
off-policy,calc_loss_8_off,0,350,452.21742593582354,0.0
off-policy,calc_loss_8_off,0,351,466.0305001301288,0.0
off-policy,calc_loss_8_off,0,352,116.99594080435851,0.0
off-policy,calc_loss_8_off,0,353,129.721942594055,0.0
off-policy,calc_loss_8_off,0,354,467.07498683226055,0.0
off-policy,calc_loss_8_off,0,355,205.4848743889911,0.0
off-policy,calc_loss_8_off,0,356,214.17999524285494,0.0
off-policy,calc_loss_8_off,0,357,206.2408833285249,0.0
off-policy,calc_loss_8_off,0,358,462.80716179540195,0.0
off-policy,calc_loss_8_off,0,359,96.13339241915361,0.0
off-policy,calc_loss_8_off,0,360,467.0387156476539,0.0
off-policy,calc_loss_8_off,0,361,111.121035502326,0.0
off-policy,calc_loss_8_off,0,362,190.23666046431703,0.0
off-policy,calc_loss_8_off,0,363,466.78481705402857,0.0
off-policy,calc_loss_8_off,0,364,342.69730412169207,0.0
off-policy,calc_loss_8_off,0,365,224.1687448047309,0.0
off-policy,calc_loss_8_off,0,366,208.2097542522093,0.0
off-policy,calc_loss_8_off,0,367,426.84252359677987,0.0
off-policy,calc_loss_8_off,0,368,80.23845446034704,0.0
off-policy,calc_loss_8_off,0,369,466.99478587279793,0.0
off-policy,calc_loss_8_off,0,370,186.0254576327277,0.0
off-policy,calc_loss_8_off,0,371,71.05941478012029,0.0
off-policy,calc_loss_8_off,0,372,467.1412693120696,0.0
off-policy,calc_loss_8_off,0,373,205.4694474748476,0.0
off-policy,calc_loss_8_off,0,374,193.12755099026137,0.0
off-policy,calc_loss_8_off,0,375,203.31728083815938,0.0
off-policy,calc_loss_8_off,0,376,184.0446184032292,0.0
off-policy,calc_loss_8_off,0,377,201.17224199840805,0.0
off-policy,calc_loss_8_off,0,378,96.01005702547413,0.0
off-policy,calc_loss_8_off,0,379,467.1243194293813,0.0
off-policy,calc_loss_8_off,0,380,397.7831725357094,0.0
off-policy,calc_loss_8_off,0,381,442.649052350898,0.0
off-policy,calc_loss_8_off,0,382,201.3674920143027,0.0
off-policy,calc_loss_8_off,0,383,210.4294836243152,0.0
off-policy,calc_loss_8_off,0,384,207.88444166217542,0.0
off-policy,calc_loss_8_off,0,385,466.93523905901816,0.0
off-policy,calc_loss_8_off,0,386,209.26977830820408,0.0
off-policy,calc_loss_8_off,0,387,205.2423262454899,0.0
off-policy,calc_loss_8_off,0,388,446.6001334498586,0.0
off-policy,calc_loss_8_off,0,389,206.88533683760278,0.0
off-policy,calc_loss_8_off,0,390,113.31778699224964,0.0
off-policy,calc_loss_8_off,0,391,214.26278333521594,0.0
off-policy,calc_loss_8_off,0,392,467.3574773866948,0.0
off-policy,calc_loss_8_off,0,393,172.95905216028714,0.0
off-policy,calc_loss_8_off,0,394,209.37618036961334,0.0
off-policy,calc_loss_8_off,0,395,240.43565691766162,0.0
off-policy,calc_loss_8_off,0,396,186.5916645524599,0.0
off-policy,calc_loss_8_off,0,397,259.47212778746916,0.0
off-policy,calc_loss_8_off,0,398,416.7605561802461,0.0
off-policy,calc_loss_8_off,0,399,168.27139307956838,0.0
off-policy,calc_loss_8_off,0,400,467.05122102213267,0.0
off-policy,calc_loss_8_off,0,401,208.18315099238805,0.0
off-policy,calc_loss_8_off,0,402,465.2574908395045,0.0
off-policy,calc_loss_8_off,0,403,467.23525771102874,0.0
off-policy,calc_loss_8_off,0,404,198.04275555884357,0.0
off-policy,calc_loss_8_off,0,405,466.76022862215814,0.0
off-policy,calc_loss_8_off,0,406,467.2810660958753,0.0
off-policy,calc_loss_8_off,0,407,466.17157620648345,0.0
off-policy,calc_loss_8_off,0,408,459.73915767280585,0.0
off-policy,calc_loss_8_off,0,409,193.20313294489185,0.0
off-policy,calc_loss_8_off,0,410,197.2561295187375,0.0
off-policy,calc_loss_8_off,0,411,454.0956470672178,0.0
off-policy,calc_loss_8_off,0,412,467.20253144416364,0.0
off-policy,calc_loss_8_off,0,413,465.5362193497847,0.0
off-policy,calc_loss_8_off,0,414,113.50268697288988,0.0
off-policy,calc_loss_8_off,0,415,207.81768518141948,0.0
off-policy,calc_loss_8_off,0,416,438.1151042487296,0.0
off-policy,calc_loss_8_off,0,417,467.1418612339943,0.0
off-policy,calc_loss_8_off,0,418,181.70285045567456,0.0
off-policy,calc_loss_8_off,0,419,211.007395952362,0.0
off-policy,calc_loss_8_off,0,420,467.01704777702565,0.0
off-policy,calc_loss_8_off,0,421,241.50828407055124,0.0
off-policy,calc_loss_8_off,0,422,363.5405751680011,0.0
off-policy,calc_loss_8_off,0,423,467.2454023061782,0.0
off-policy,calc_loss_8_off,0,424,204.1476762078733,0.0
off-policy,calc_loss_8_off,0,425,467.19882996935456,0.0
off-policy,calc_loss_8_off,0,426,77.43299296881551,0.0
off-policy,calc_loss_8_off,0,427,467.1390557303603,0.0
off-policy,calc_loss_8_off,0,428,205.02830436267462,0.0
off-policy,calc_loss_8_off,0,429,214.10097557537895,0.0
off-policy,calc_loss_8_off,0,430,467.12879267248553,0.0
off-policy,calc_loss_8_off,0,431,457.2719120806598,0.0
off-policy,calc_loss_8_off,0,432,465.0490244397361,0.0
off-policy,calc_loss_8_off,0,433,467.11322870469115,0.0
off-policy,calc_loss_8_off,0,434,464.9617921345128,0.0
off-policy,calc_loss_8_off,0,435,204.18038595778592,0.0
off-policy,calc_loss_8_off,0,436,368.7690562690064,0.0
off-policy,calc_loss_8_off,0,437,464.40647608504946,0.0
off-policy,calc_loss_8_off,0,438,204.36551105373294,0.0
off-policy,calc_loss_8_off,0,439,207.39110589912445,0.0
off-policy,calc_loss_8_off,0,440,453.54350580549743,0.0
off-policy,calc_loss_8_off,0,441,77.77800281790672,0.0
off-policy,calc_loss_8_off,0,442,467.04017117905846,0.0
off-policy,calc_loss_8_off,0,443,460.59025940910834,0.0
off-policy,calc_loss_8_off,0,444,260.09638796511587,0.0
off-policy,calc_loss_8_off,0,445,135.22785298178337,0.0
off-policy,calc_loss_8_off,0,446,417.7891520139706,0.0
off-policy,calc_loss_8_off,0,447,225.76689053038572,0.0
off-policy,calc_loss_8_off,0,448,212.45366054281527,0.0
off-policy,calc_loss_8_off,0,449,81.96720848919423,0.0
off-policy,calc_loss_8_off,0,450,467.3467222178198,0.0
off-policy,calc_loss_8_off,0,451,187.86312890588343,0.0
off-policy,calc_loss_8_off,0,452,467.0768947800162,0.0
off-policy,calc_loss_8_off,0,453,467.2686321683679,0.0
off-policy,calc_loss_8_off,0,454,199.21217583669636,0.0
off-policy,calc_loss_8_off,0,455,105.69164768280773,0.0
off-policy,calc_loss_8_off,0,456,449.86777000792137,0.0
off-policy,calc_loss_8_off,0,457,172.3955233829748,0.0
off-policy,calc_loss_8_off,0,458,175.20716903597747,0.0
off-policy,calc_loss_8_off,0,459,197.26862222114707,0.0
off-policy,calc_loss_8_off,0,460,192.53457979055074,0.0
off-policy,calc_loss_8_off,0,461,466.7174751965121,0.0
off-policy,calc_loss_8_off,0,462,91.35553148981151,0.0
off-policy,calc_loss_8_off,0,463,204.56350082431936,0.0
off-policy,calc_loss_8_off,0,464,178.6424099433639,0.0
off-policy,calc_loss_8_off,0,465,464.0181107975041,0.0
off-policy,calc_loss_8_off,0,466,211.94781377053604,0.0
off-policy,calc_loss_8_off,0,467,81.4138530187757,0.0
off-policy,calc_loss_8_off,0,468,466.52992428472567,0.0
off-policy,calc_loss_8_off,0,469,187.59752628259622,0.0
off-policy,calc_loss_8_off,0,470,375.44533964698684,0.0
off-policy,calc_loss_8_off,0,471,242.98481322284104,0.0
off-policy,calc_loss_8_off,0,472,374.63437969037665,0.0
off-policy,calc_loss_8_off,0,473,208.55133863364125,0.0
off-policy,calc_loss_8_off,0,474,207.09927277805386,0.0
off-policy,calc_loss_8_off,0,475,205.6884933324723,0.0
off-policy,calc_loss_8_off,0,476,96.7280012376244,0.0
off-policy,calc_loss_8_off,0,477,117.48263416422975,0.0
off-policy,calc_loss_8_off,0,478,200.3514682420407,0.0
off-policy,calc_loss_8_off,0,479,447.9088868615155,0.0
off-policy,calc_loss_8_off,0,480,464.0698656087895,0.0
off-policy,calc_loss_8_off,0,481,462.58591832147226,0.0
off-policy,calc_loss_8_off,0,482,185.9817480877314,0.0
off-policy,calc_loss_8_off,0,483,467.2432698587858,0.0
off-policy,calc_loss_8_off,0,484,85.80948916721518,0.0
off-policy,calc_loss_8_off,0,485,205.4439334509091,0.0
off-policy,calc_loss_8_off,0,486,216.44023531405452,0.0
off-policy,calc_loss_8_off,0,487,467.1602468342574,0.0
off-policy,calc_loss_8_off,0,488,84.89779882633306,0.0
off-policy,calc_loss_8_off,0,489,197.28090250405822,0.0
off-policy,calc_loss_8_off,0,490,460.7120491317667,0.0
off-policy,calc_loss_8_off,0,491,192.59316729934653,0.0
off-policy,calc_loss_8_off,0,492,328.78004701835016,0.0
off-policy,calc_loss_8_off,0,493,208.77129162447994,0.0
off-policy,calc_loss_8_off,0,494,466.7943457019634,0.0
off-policy,calc_loss_8_off,0,495,210.75281496756566,0.0
off-policy,calc_loss_8_off,0,496,466.8289553578376,0.0
off-policy,calc_loss_8_off,0,497,85.89117765374195,0.0
off-policy,calc_loss_8_off,0,498,206.5538421138518,0.0
off-policy,calc_loss_8_off,0,499,86.31417045684519,0.0
off-policy,calc_loss_8_off,0,500,164.39126306760184,0.0
off-policy,calc_loss_8_off,0,501,356.3150013296518,0.0
off-policy,calc_loss_8_off,0,502,467.06685710517996,0.0
off-policy,calc_loss_8_off,0,503,466.7137674594554,0.0
off-policy,calc_loss_8_off,0,504,467.05045776494626,0.0
off-policy,calc_loss_8_off,0,505,467.0107047668755,0.0
off-policy,calc_loss_8_off,0,506,203.40724427271235,0.0
off-policy,calc_loss_8_off,0,507,201.758619258193,0.0
off-policy,calc_loss_8_off,0,508,201.4817517047236,0.0
off-policy,calc_loss_8_off,0,509,203.7025181263595,0.0
off-policy,calc_loss_8_off,0,510,467.1804637806035,0.0
off-policy,calc_loss_8_off,0,511,203.61639287710727,0.0
off-policy,calc_loss_8_off,0,512,466.87486456763094,0.0
off-policy,calc_loss_8_off,0,513,463.94362380473774,0.0
off-policy,calc_loss_8_off,0,514,161.46867880280877,0.0
off-policy,calc_loss_8_off,0,515,466.57011055154874,0.0
off-policy,calc_loss_8_off,0,516,126.2489020884171,0.0
off-policy,calc_loss_8_off,0,517,441.6414284956179,0.0
off-policy,calc_loss_8_off,0,518,204.289320589922,0.0
off-policy,calc_loss_8_off,0,519,466.93609357840484,0.0
off-policy,calc_loss_8_off,0,520,78.99660945677654,0.0
off-policy,calc_loss_8_off,0,521,464.77560623285956,0.0
off-policy,calc_loss_8_off,0,522,206.06003338740237,0.0
off-policy,calc_loss_8_off,0,523,467.00483946518807,0.0
off-policy,calc_loss_8_off,0,524,463.19029090246505,0.0
off-policy,calc_loss_8_off,0,525,206.38883320256,0.0
off-policy,calc_loss_8_off,0,526,466.69038167154287,0.0
off-policy,calc_loss_8_off,0,527,458.3851191525687,0.0
off-policy,calc_loss_8_off,0,528,200.97071460931494,0.0
off-policy,calc_loss_8_off,0,529,78.15231743487371,0.0
off-policy,calc_loss_8_off,0,530,201.98090668888486,0.0
off-policy,calc_loss_8_off,0,531,204.72914362748583,0.0
off-policy,calc_loss_8_off,0,532,467.09405691811224,0.0
off-policy,calc_loss_8_off,0,533,78.79770743074126,0.0
off-policy,calc_loss_8_off,0,534,464.2755875057409,0.0
off-policy,calc_loss_8_off,0,535,82.83188494751136,0.0
off-policy,calc_loss_8_off,0,536,206.85879382158166,0.0
off-policy,calc_loss_8_off,0,537,460.3580787792767,0.0
off-policy,calc_loss_8_off,0,538,125.293099956031,0.0
off-policy,calc_loss_8_off,0,539,207.50055212769468,0.0
off-policy,calc_loss_8_off,0,540,462.47252243883077,0.0
off-policy,calc_loss_8_off,0,541,459.7881516546312,0.0
off-policy,calc_loss_8_off,0,542,102.96625701395719,0.0
off-policy,calc_loss_8_off,0,543,102.61933290279394,0.0
off-policy,calc_loss_8_off,0,544,203.16614699594749,0.0
off-policy,calc_loss_8_off,0,545,208.21985256558452,0.0
off-policy,calc_loss_8_off,0,546,205.87411769715976,0.0
off-policy,calc_loss_8_off,0,547,393.18330415733845,0.0
off-policy,calc_loss_8_off,0,548,467.07766837490004,0.0
off-policy,calc_loss_8_off,0,549,185.44255547047928,0.0
off-policy,calc_loss_8_off,0,550,203.59492427970588,0.0
off-policy,calc_loss_8_off,0,551,197.2524609454088,0.0
off-policy,calc_loss_8_off,0,552,261.89464626407346,0.0
off-policy,calc_loss_8_off,0,553,76.15839683795234,0.0
off-policy,calc_loss_8_off,0,554,274.52753746722505,0.0
off-policy,calc_loss_8_off,0,555,212.1799757038331,0.0
off-policy,calc_loss_8_off,0,556,205.542345042051,0.0
off-policy,calc_loss_8_off,0,557,74.90306978552778,0.0
off-policy,calc_loss_8_off,0,558,467.10375244257534,0.0
off-policy,calc_loss_8_off,0,559,467.28567377574814,0.0
off-policy,calc_loss_8_off,0,560,207.58537334308363,0.0
off-policy,calc_loss_8_off,0,561,467.0939867120651,0.0
off-policy,calc_loss_8_off,0,562,406.9044636649191,0.0
off-policy,calc_loss_8_off,0,563,201.1731780276178,0.0
off-policy,calc_loss_8_off,0,564,205.54152842853756,0.0
off-policy,calc_loss_8_off,0,565,192.78206391827797,0.0
off-policy,calc_loss_8_off,0,566,337.6560988368315,0.0
off-policy,calc_loss_8_off,0,567,116.05050847696083,0.0
off-policy,calc_loss_8_off,0,568,460.1817999477398,0.0
off-policy,calc_loss_8_off,0,569,171.10414246821577,0.0
off-policy,calc_loss_8_off,0,570,465.05563073054003,0.0
off-policy,calc_loss_8_off,0,571,460.5577873658203,0.0
off-policy,calc_loss_8_off,0,572,197.9231039443449,0.0
off-policy,calc_loss_8_off,0,573,467.24983320953055,0.0
off-policy,calc_loss_8_off,0,574,463.02137025791194,0.0
off-policy,calc_loss_8_off,0,575,347.48064726829546,0.0
off-policy,calc_loss_8_off,0,576,467.2195300373773,0.0
off-policy,calc_loss_8_off,0,577,200.58088754867435,0.0
off-policy,calc_loss_8_off,0,578,151.3475020095596,0.0
off-policy,calc_loss_8_off,0,579,219.09455342470957,0.0
off-policy,calc_loss_8_off,0,580,99.1337319176491,0.0
off-policy,calc_loss_8_off,0,581,466.9654048222023,0.0
off-policy,calc_loss_8_off,0,582,215.0413177118047,0.0
off-policy,calc_loss_8_off,0,583,212.51264036648965,0.0
off-policy,calc_loss_8_off,0,584,184.3081334392881,0.0
off-policy,calc_loss_8_off,0,585,205.01466260303212,0.0
off-policy,calc_loss_8_off,0,586,204.16527355709306,0.0
off-policy,calc_loss_8_off,0,587,464.8087769568512,0.0
off-policy,calc_loss_8_off,0,588,196.69925155454143,0.0
off-policy,calc_loss_8_off,0,589,201.80269282348732,0.0
off-policy,calc_loss_8_off,0,590,209.67785457872907,0.0
off-policy,calc_loss_8_off,0,591,466.614660405855,0.0
off-policy,calc_loss_8_off,0,592,205.73663148894434,0.0
off-policy,calc_loss_8_off,0,593,208.48600561873442,0.0
off-policy,calc_loss_8_off,0,594,466.88473783618133,0.0
off-policy,calc_loss_8_off,0,595,466.7828800866983,0.0
off-policy,calc_loss_8_off,0,596,190.48829639376711,0.0
off-policy,calc_loss_8_off,0,597,204.9928299325325,0.0
off-policy,calc_loss_8_off,0,598,445.2023673468444,0.0
off-policy,calc_loss_8_off,0,599,301.89515094212004,0.0
off-policy,calc_loss_8_off,0,600,213.97071720394706,0.0
off-policy,calc_loss_8_off,0,601,453.6474667025317,0.0
off-policy,calc_loss_8_off,0,602,228.68057232155502,0.0
off-policy,calc_loss_8_off,0,603,203.4007924366241,0.0
off-policy,calc_loss_8_off,0,604,467.2363254881895,0.0
off-policy,calc_loss_8_off,0,605,462.1471286245377,0.0
off-policy,calc_loss_8_off,0,606,185.87548808836215,0.0
off-policy,calc_loss_8_off,0,607,442.0351038777407,0.0
off-policy,calc_loss_8_off,0,608,465.9059012216052,0.0
off-policy,calc_loss_8_off,0,609,212.409133113357,0.0
off-policy,calc_loss_8_off,0,610,208.24570768265139,0.0
off-policy,calc_loss_8_off,0,611,459.09968764586984,0.0
off-policy,calc_loss_8_off,0,612,91.7669273434674,0.0
off-policy,calc_loss_8_off,0,613,459.9671939824235,0.0
off-policy,calc_loss_8_off,0,614,86.52664646168314,0.0
off-policy,calc_loss_8_off,0,615,467.0790147780217,0.0
off-policy,calc_loss_8_off,0,616,459.78393756782157,0.0
off-policy,calc_loss_8_off,0,617,466.36319326187316,0.0
off-policy,calc_loss_8_off,0,618,461.16674235641915,0.0
off-policy,calc_loss_8_off,0,619,467.29442702493833,0.0
off-policy,calc_loss_8_off,0,620,466.716009216579,0.0
off-policy,calc_loss_8_off,0,621,183.98436699118932,0.0
off-policy,calc_loss_8_off,0,622,465.2663149059255,0.0
off-policy,calc_loss_8_off,0,623,246.21063042955328,0.0
off-policy,calc_loss_8_off,0,624,216.4278204185466,0.0
off-policy,calc_loss_8_off,0,625,263.43647151345397,0.0
off-policy,calc_loss_8_off,0,626,319.76784940844067,0.0
off-policy,calc_loss_8_off,0,627,256.73229567400466,0.0
off-policy,calc_loss_8_off,0,628,466.5846017850499,0.0
off-policy,calc_loss_8_off,0,629,466.31457802416554,0.0
off-policy,calc_loss_8_off,0,630,195.0782662728848,0.0
off-policy,calc_loss_8_off,0,631,85.57278343208793,0.0
off-policy,calc_loss_8_off,0,632,467.0598822170352,0.0
off-policy,calc_loss_8_off,0,633,467.1751109309077,0.0
off-policy,calc_loss_8_off,0,634,176.04614196750333,0.0
off-policy,calc_loss_8_off,0,635,402.76967831112665,0.0
off-policy,calc_loss_8_off,0,636,206.20136236969716,0.0
off-policy,calc_loss_8_off,0,637,422.49498333933116,0.0
off-policy,calc_loss_8_off,0,638,465.94582559670135,0.0
off-policy,calc_loss_8_off,0,639,185.52335875279502,0.0
off-policy,calc_loss_8_off,0,640,207.39343487227373,0.0
off-policy,calc_loss_8_off,0,641,206.08625148477324,0.0
off-policy,calc_loss_8_off,0,642,198.3092538436713,0.0
off-policy,calc_loss_8_off,0,643,466.5045153838678,0.0
off-policy,calc_loss_8_off,0,644,467.0360660566275,0.0
off-policy,calc_loss_8_off,0,645,127.1155934796284,0.0
off-policy,calc_loss_8_off,0,646,207.29908181483123,0.0
off-policy,calc_loss_8_off,0,647,182.9419137928522,0.0
off-policy,calc_loss_8_off,0,648,198.59228876198185,0.0
off-policy,calc_loss_8_off,0,649,442.7894643944808,0.0
off-policy,calc_loss_8_off,0,650,466.91550664717505,0.0
off-policy,calc_loss_8_off,0,651,250.9744581277868,0.0
off-policy,calc_loss_8_off,0,652,162.58725078725186,0.0
off-policy,calc_loss_8_off,0,653,450.084420474831,0.0
off-policy,calc_loss_8_off,0,654,217.48461596332413,0.0
off-policy,calc_loss_8_off,0,655,429.49674755011046,0.0
off-policy,calc_loss_8_off,0,656,187.8245884744171,0.0
off-policy,calc_loss_8_off,0,657,203.9181538555413,0.0
off-policy,calc_loss_8_off,0,658,87.19093004666941,0.0
off-policy,calc_loss_8_off,0,659,95.71068046466985,0.0
off-policy,calc_loss_8_off,0,660,467.09628080604614,0.0
off-policy,calc_loss_8_off,0,661,206.35984790174598,0.0
off-policy,calc_loss_8_off,0,662,466.90944319419,0.0
off-policy,calc_loss_8_off,0,663,350.62874210473996,0.0
off-policy,calc_loss_8_off,0,664,81.97949318056237,0.0
off-policy,calc_loss_8_off,0,665,206.3020945190214,0.0
off-policy,calc_loss_8_off,0,666,195.0393583819324,0.0
off-policy,calc_loss_8_off,0,667,462.84605212792434,0.0
off-policy,calc_loss_8_off,0,668,203.80356797542063,0.0
off-policy,calc_loss_8_off,0,669,443.89418724184895,0.0
off-policy,calc_loss_8_off,0,670,366.50511642206664,0.0
off-policy,calc_loss_8_off,0,671,244.0897620828729,0.0
off-policy,calc_loss_8_off,0,672,467.0814245015072,0.0
off-policy,calc_loss_8_off,0,673,447.15122885950825,0.0
off-policy,calc_loss_8_off,0,674,455.1322734628704,0.0
off-policy,calc_loss_8_off,0,675,467.3121114161519,0.0
off-policy,calc_loss_8_off,0,676,355.1404506292625,0.0
off-policy,calc_loss_8_off,0,677,198.2730188149313,0.0
off-policy,calc_loss_8_off,0,678,156.05729205215013,0.0
off-policy,calc_loss_8_off,0,679,444.28579204492155,0.0
off-policy,calc_loss_8_off,0,680,191.765322794113,0.0
off-policy,calc_loss_8_off,0,681,208.5832437454625,0.0
off-policy,calc_loss_8_off,0,682,191.8446747091136,0.0
off-policy,calc_loss_8_off,0,683,178.51997314380102,0.0
off-policy,calc_loss_8_off,0,684,199.20681614250856,0.0
off-policy,calc_loss_8_off,0,685,464.75099011595967,0.0
off-policy,calc_loss_8_off,0,686,467.13375560553277,0.0
off-policy,calc_loss_8_off,0,687,198.17758681808053,0.0
off-policy,calc_loss_8_off,0,688,187.21415161193787,0.0
off-policy,calc_loss_8_off,0,689,184.9012772767208,0.0
off-policy,calc_loss_8_off,0,690,466.8631689751463,0.0
off-policy,calc_loss_8_off,0,691,243.18419620547016,0.0
off-policy,calc_loss_8_off,0,692,461.4641728378122,0.0
off-policy,calc_loss_8_off,0,693,461.1080732765066,0.0
off-policy,calc_loss_8_off,0,694,193.76286568588264,0.0
off-policy,calc_loss_8_off,0,695,467.163900651079,0.0
off-policy,calc_loss_8_off,0,696,379.3687420163979,0.0
off-policy,calc_loss_8_off,0,697,463.02884281694065,0.0
off-policy,calc_loss_8_off,0,698,459.1344364258687,0.0
off-policy,calc_loss_8_off,0,699,448.50173014834206,0.0
off-policy,calc_loss_8_off,0,700,199.94276946498246,0.0
off-policy,calc_loss_8_off,0,701,117.65531696895658,0.0
off-policy,calc_loss_8_off,0,702,461.177265454424,0.0
off-policy,calc_loss_8_off,0,703,205.84964283283702,0.0
off-policy,calc_loss_8_off,0,704,224.97876967555266,0.0
off-policy,calc_loss_8_off,0,705,207.02120127984628,0.0
off-policy,calc_loss_8_off,0,706,190.27994086480362,0.0
off-policy,calc_loss_8_off,0,707,374.67835098134066,0.0
off-policy,calc_loss_8_off,0,708,198.93148295739365,0.0
off-policy,calc_loss_8_off,0,709,311.5256591167194,0.0
off-policy,calc_loss_8_off,0,710,352.79311535910705,0.0
off-policy,calc_loss_8_off,0,711,276.0921679233589,0.0
off-policy,calc_loss_8_off,0,712,452.3217658098339,0.0
off-policy,calc_loss_8_off,0,713,173.1328152712544,0.0
off-policy,calc_loss_8_off,0,714,122.85640291559932,0.0
off-policy,calc_loss_8_off,0,715,465.8398277712762,0.0
off-policy,calc_loss_8_off,0,716,79.70298984788639,0.0
off-policy,calc_loss_8_off,0,717,199.7383063872174,0.0
off-policy,calc_loss_8_off,0,718,466.7642119281044,0.0
off-policy,calc_loss_8_off,0,719,79.19777423228732,0.0
off-policy,calc_loss_8_off,0,720,130.43133607856416,0.0
off-policy,calc_loss_8_off,0,721,464.25809451939796,0.0
off-policy,calc_loss_8_off,0,722,209.8743846827964,0.0
off-policy,calc_loss_8_off,0,723,459.42023971264973,0.0
off-policy,calc_loss_8_off,0,724,461.06366365758106,0.0
off-policy,calc_loss_8_off,0,725,204.52474586791428,0.0
off-policy,calc_loss_8_off,0,726,183.21682119221933,0.0
off-policy,calc_loss_8_off,0,727,178.75306305842463,0.0
off-policy,calc_loss_8_off,0,728,465.1358660976161,0.0
off-policy,calc_loss_8_off,0,729,467.10909784754637,0.0
off-policy,calc_loss_8_off,0,730,467.1506888460119,0.0
off-policy,calc_loss_8_off,0,731,312.0765124971094,0.0
off-policy,calc_loss_8_off,0,732,206.702465976807,0.0
off-policy,calc_loss_8_off,0,733,467.2257064136289,0.0
off-policy,calc_loss_8_off,0,734,467.15368889630076,0.0
off-policy,calc_loss_8_off,0,735,467.08678750363987,0.0
off-policy,calc_loss_8_off,0,736,184.8688059438421,0.0
off-policy,calc_loss_8_off,0,737,196.8848520961593,0.0
off-policy,calc_loss_8_off,0,738,465.3639256205616,0.0
off-policy,calc_loss_8_off,0,739,203.17029947972244,0.0
off-policy,calc_loss_8_off,0,740,461.393965073374,0.0
off-policy,calc_loss_8_off,0,741,462.5518595299822,0.0
off-policy,calc_loss_8_off,0,742,467.1216169174238,0.0
off-policy,calc_loss_8_off,0,743,115.18945711841756,0.0
off-policy,calc_loss_8_off,0,744,466.34865323391244,0.0
off-policy,calc_loss_8_off,0,745,307.86404604211816,0.0
off-policy,calc_loss_8_off,0,746,467.07525025425167,0.0
off-policy,calc_loss_8_off,0,747,208.5154925427531,0.0
off-policy,calc_loss_8_off,0,748,467.08455553376285,0.0
off-policy,calc_loss_8_off,0,749,467.314856854376,0.0
off-policy,calc_loss_8_off,0,750,467.18742397342453,0.0
off-policy,calc_loss_8_off,0,751,275.4235003966704,0.0
off-policy,calc_loss_8_off,0,752,101.86275776948503,0.0
off-policy,calc_loss_8_off,0,753,177.73014553319678,0.0
off-policy,calc_loss_8_off,0,754,304.4081755500907,0.0
off-policy,calc_loss_8_off,0,755,201.08204430373735,0.0
off-policy,calc_loss_8_off,0,756,444.14438977711995,0.0
off-policy,calc_loss_8_off,0,757,463.732338803171,0.0
off-policy,calc_loss_8_off,0,758,467.11649909206346,0.0
off-policy,calc_loss_8_off,0,759,118.33722237256517,0.0
off-policy,calc_loss_8_off,0,760,171.61223466320823,0.0
off-policy,calc_loss_8_off,0,761,205.0400889376411,0.0
off-policy,calc_loss_8_off,0,762,349.8019797914423,0.0
off-policy,calc_loss_8_off,0,763,449.83050567820976,0.0
off-policy,calc_loss_8_off,0,764,466.5517079332797,0.0
off-policy,calc_loss_8_off,0,765,467.1215267303476,0.0
off-policy,calc_loss_8_off,0,766,450.6632429871564,0.0
off-policy,calc_loss_8_off,0,767,467.2311272349754,0.0
off-policy,calc_loss_8_off,0,768,171.13411012390358,0.0
off-policy,calc_loss_8_off,0,769,77.13224937696981,0.0
off-policy,calc_loss_8_off,0,770,316.6184655050688,0.0
off-policy,calc_loss_8_off,0,771,204.28745978953236,0.0
off-policy,calc_loss_8_off,0,772,174.30611178805145,0.0
off-policy,calc_loss_8_off,0,773,136.80621872070216,0.0
off-policy,calc_loss_8_off,0,774,206.41776607183488,0.0
off-policy,calc_loss_8_off,0,775,95.61693856584722,0.0
off-policy,calc_loss_8_off,0,776,203.01653713692377,0.0
off-policy,calc_loss_8_off,0,777,204.9655854842827,0.0
off-policy,calc_loss_8_off,0,778,208.88120654457035,0.0
off-policy,calc_loss_8_off,0,779,152.8334468770297,0.0
off-policy,calc_loss_8_off,0,780,467.3688741001769,0.0
off-policy,calc_loss_8_off,0,781,461.0850342970215,0.0
off-policy,calc_loss_8_off,0,782,205.54504293741456,0.0
off-policy,calc_loss_8_off,0,783,460.3220478130525,0.0
off-policy,calc_loss_8_off,0,784,211.8345158133692,0.0
off-policy,calc_loss_8_off,0,785,76.76274565789514,0.0
off-policy,calc_loss_8_off,0,786,467.22409195356465,0.0
off-policy,calc_loss_8_off,0,787,262.59824269379715,0.0
off-policy,calc_loss_8_off,0,788,466.99434170905187,0.0
off-policy,calc_loss_8_off,0,789,467.00275615145165,0.0
off-policy,calc_loss_8_off,0,790,185.34189727968828,0.0
off-policy,calc_loss_8_off,0,791,466.9681577455914,0.0
off-policy,calc_loss_8_off,0,792,467.13336326546823,0.0
off-policy,calc_loss_8_off,0,793,89.53917379579974,0.0
off-policy,calc_loss_8_off,0,794,467.19334211644224,0.0
off-policy,calc_loss_8_off,0,795,467.21984682833323,0.0
off-policy,calc_loss_8_off,0,796,466.56042633010026,0.0
off-policy,calc_loss_8_off,0,797,171.70012842405342,0.0
off-policy,calc_loss_8_off,0,798,463.53831104611527,0.0
off-policy,calc_loss_8_off,0,799,205.2991730283763,0.0
off-policy,calc_loss_8_off,0,800,207.170961777314,0.0
off-policy,calc_loss_8_off,0,801,203.07912352652863,0.0
off-policy,calc_loss_8_off,0,802,184.80762250187385,0.0
off-policy,calc_loss_8_off,0,803,194.65350567319626,0.0
off-policy,calc_loss_8_off,0,804,209.39634256332633,0.0
off-policy,calc_loss_8_off,0,805,206.5552354096059,0.0
off-policy,calc_loss_8_off,0,806,467.1372922133036,0.0
off-policy,calc_loss_8_off,0,807,207.8576378198425,0.0
off-policy,calc_loss_8_off,0,808,467.1429531206,0.0
off-policy,calc_loss_8_off,0,809,465.2295784368021,0.0
off-policy,calc_loss_8_off,0,810,466.9019081501715,0.0
off-policy,calc_loss_8_off,0,811,177.52150426076543,0.0
off-policy,calc_loss_8_off,0,812,111.96932193051197,0.0
off-policy,calc_loss_8_off,0,813,196.34300747653958,0.0
off-policy,calc_loss_8_off,0,814,467.2613516229599,0.0
off-policy,calc_loss_8_off,0,815,466.77468509708126,0.0
off-policy,calc_loss_8_off,0,816,103.80469087198217,0.0
off-policy,calc_loss_8_off,0,817,467.0424313266858,0.0
off-policy,calc_loss_8_off,0,818,462.50677011341946,0.0
off-policy,calc_loss_8_off,0,819,466.40035316765307,0.0
off-policy,calc_loss_8_off,0,820,466.36830902979824,0.0
off-policy,calc_loss_8_off,0,821,185.08887048196564,0.0
off-policy,calc_loss_8_off,0,822,138.36085876839476,0.0
off-policy,calc_loss_8_off,0,823,307.9880424323582,0.0
off-policy,calc_loss_8_off,0,824,464.4071978990322,0.0
off-policy,calc_loss_8_off,0,825,467.2581553730603,0.0
off-policy,calc_loss_8_off,0,826,211.0037112944774,0.0
off-policy,calc_loss_8_off,0,827,131.77967236677497,0.0
off-policy,calc_loss_8_off,0,828,235.70876919980816,0.0
off-policy,calc_loss_8_off,0,829,89.04324831346742,0.0
off-policy,calc_loss_8_off,0,830,197.1041545818998,0.0
off-policy,calc_loss_8_off,0,831,199.90472532359524,0.0
off-policy,calc_loss_8_off,0,832,458.31724892186145,0.0
off-policy,calc_loss_8_off,0,833,466.60899210626667,0.0
off-policy,calc_loss_8_off,0,834,466.674867692811,0.0
off-policy,calc_loss_8_off,0,835,193.14032120944694,0.0
off-policy,calc_loss_8_off,0,836,442.9853301014576,0.0
off-policy,calc_loss_8_off,0,837,220.43413685299168,0.0
off-policy,calc_loss_8_off,0,838,206.0901672811868,0.0
off-policy,calc_loss_8_off,0,839,216.4833122685225,0.0
off-policy,calc_loss_8_off,0,840,465.814162995441,0.0
off-policy,calc_loss_8_off,0,841,467.04104933658294,0.0
off-policy,calc_loss_8_off,0,842,465.10021518386634,0.0
off-policy,calc_loss_8_off,0,843,466.74718805006347,0.0
off-policy,calc_loss_8_off,0,844,180.20748840492527,0.0
off-policy,calc_loss_8_off,0,845,217.92948714899785,0.0
off-policy,calc_loss_8_off,0,846,467.1441025487248,0.0
off-policy,calc_loss_8_off,0,847,464.71372662497436,0.0
off-policy,calc_loss_8_off,0,848,451.3614863519945,0.0
off-policy,calc_loss_8_off,0,849,201.53036069139824,0.0
off-policy,calc_loss_8_off,0,850,197.7596157990139,0.0
off-policy,calc_loss_8_off,0,851,185.2453150488634,0.0
off-policy,calc_loss_8_off,0,852,185.7070096824172,0.0
off-policy,calc_loss_8_off,0,853,319.0955445542538,0.0
off-policy,calc_loss_8_off,0,854,344.654639133627,0.0
off-policy,calc_loss_8_off,0,855,194.76394302199589,0.0
off-policy,calc_loss_8_off,0,856,209.52116866235363,0.0
off-policy,calc_loss_8_off,0,857,187.64423518247125,0.0
off-policy,calc_loss_8_off,0,858,313.49777226407343,0.0
off-policy,calc_loss_8_off,0,859,205.98383634013007,0.0
off-policy,calc_loss_8_off,0,860,166.77742437040462,0.0
off-policy,calc_loss_8_off,0,861,203.19242969070112,0.0
off-policy,calc_loss_8_off,0,862,463.7549841548368,0.0
off-policy,calc_loss_8_off,0,863,467.1334400695814,0.0
off-policy,calc_loss_8_off,0,864,466.34772461107644,0.0
off-policy,calc_loss_8_off,0,865,210.56492479194986,0.0
off-policy,calc_loss_8_off,0,866,231.45875263498448,0.0
off-policy,calc_loss_8_off,0,867,213.7770879765143,0.0
off-policy,calc_loss_8_off,0,868,79.67651999199954,0.0
off-policy,calc_loss_8_off,0,869,162.68771193303206,0.0
off-policy,calc_loss_8_off,0,870,207.7979571771253,0.0
off-policy,calc_loss_8_off,0,871,228.3320313069536,0.0
off-policy,calc_loss_8_off,0,872,199.37644559578294,0.0
off-policy,calc_loss_8_off,0,873,467.3145945552101,0.0
off-policy,calc_loss_8_off,0,874,464.1085238769655,0.0
off-policy,calc_loss_8_off,0,875,202.35213701688633,0.0
off-policy,calc_loss_8_off,0,876,379.87217925855606,0.0
off-policy,calc_loss_8_off,0,877,81.5714760392221,0.0
off-policy,calc_loss_8_off,0,878,467.0676066758051,0.0
off-policy,calc_loss_8_off,0,879,215.9553966422697,0.0
off-policy,calc_loss_8_off,0,880,467.1590401840242,0.0
off-policy,calc_loss_8_off,0,881,416.6576867367039,0.0
off-policy,calc_loss_8_off,0,882,233.61898754032802,0.0
off-policy,calc_loss_8_off,0,883,465.69013141017115,0.0
off-policy,calc_loss_8_off,0,884,464.46356746246823,0.0
off-policy,calc_loss_8_off,0,885,197.8083008047432,0.0
off-policy,calc_loss_8_off,0,886,111.26933200271438,0.0
off-policy,calc_loss_8_off,0,887,467.0875824741374,0.0
off-policy,calc_loss_8_off,0,888,215.57798298479605,0.0
off-policy,calc_loss_8_off,0,889,467.22008336059446,0.0
off-policy,calc_loss_8_off,0,890,102.19667283994916,0.0
off-policy,calc_loss_8_off,0,891,465.1949708971018,0.0
off-policy,calc_loss_8_off,0,892,201.0834235612926,0.0
off-policy,calc_loss_8_off,0,893,214.60906034803276,0.0
off-policy,calc_loss_8_off,0,894,196.69137523624195,0.0
off-policy,calc_loss_8_off,0,895,124.17302827325324,0.0
off-policy,calc_loss_8_off,0,896,466.86863814876637,0.0
off-policy,calc_loss_8_off,0,897,461.096227648451,0.0
off-policy,calc_loss_8_off,0,898,465.5002071282595,0.0
off-policy,calc_loss_8_off,0,899,453.82556643442155,0.0
off-policy,calc_loss_8_off,0,900,207.91280361569548,0.0
off-policy,calc_loss_8_off,0,901,271.43648363031156,0.0
off-policy,calc_loss_8_off,0,902,453.14050917160785,0.0
off-policy,calc_loss_8_off,0,903,464.879433253982,0.0
off-policy,calc_loss_8_off,0,904,191.6446842113048,0.0
off-policy,calc_loss_8_off,0,905,93.07061286015667,0.0
off-policy,calc_loss_8_off,0,906,467.1776574463355,0.0
off-policy,calc_loss_8_off,0,907,427.2205422619972,0.0
off-policy,calc_loss_8_off,0,908,108.43825261167851,0.0
off-policy,calc_loss_8_off,0,909,296.34363797528243,0.0
off-policy,calc_loss_8_off,0,910,460.39790583932324,0.0
off-policy,calc_loss_8_off,0,911,467.0280650882609,0.0
off-policy,calc_loss_8_off,0,912,463.1575740327765,0.0
off-policy,calc_loss_8_off,0,913,369.4397065634148,0.0
off-policy,calc_loss_8_off,0,914,363.79670734241506,0.0
off-policy,calc_loss_8_off,0,915,460.2442736653215,0.0
off-policy,calc_loss_8_off,0,916,187.73475382910337,0.0
off-policy,calc_loss_8_off,0,917,463.91938496307677,0.0
off-policy,calc_loss_8_off,0,918,467.29599312469713,0.0
off-policy,calc_loss_8_off,0,919,461.02110691145367,0.0
off-policy,calc_loss_8_off,0,920,187.35415436203624,0.0
off-policy,calc_loss_8_off,0,921,467.1584456518314,0.0
off-policy,calc_loss_8_off,0,922,467.27595128369364,0.0
off-policy,calc_loss_8_off,0,923,467.2558534138464,0.0
off-policy,calc_loss_8_off,0,924,458.13755243613616,0.0
off-policy,calc_loss_8_off,0,925,467.22889549937196,0.0
off-policy,calc_loss_8_off,0,926,467.29770703325966,0.0
off-policy,calc_loss_8_off,0,927,466.4855232643959,0.0
off-policy,calc_loss_8_off,0,928,461.4536866275166,0.0
off-policy,calc_loss_8_off,0,929,467.20857517194554,0.0
off-policy,calc_loss_8_off,0,930,128.98513721545095,0.0
off-policy,calc_loss_8_off,0,931,459.62870571258713,0.0
off-policy,calc_loss_8_off,0,932,258.8253662342935,0.0
off-policy,calc_loss_8_off,0,933,206.21824333857805,0.0
off-policy,calc_loss_8_off,0,934,228.8431517320979,0.0
off-policy,calc_loss_8_off,0,935,204.06004604482246,0.0
off-policy,calc_loss_8_off,0,936,182.05480683984578,0.0
off-policy,calc_loss_8_off,0,937,103.63860147527171,0.0
off-policy,calc_loss_8_off,0,938,465.78910774954943,0.0
off-policy,calc_loss_8_off,0,939,466.1565018116656,0.0
off-policy,calc_loss_8_off,0,940,462.9545101736137,0.0
off-policy,calc_loss_8_off,0,941,457.14258624858326,0.0
off-policy,calc_loss_8_off,0,942,462.62463632668107,0.0
off-policy,calc_loss_8_off,0,943,465.63327273987034,0.0
off-policy,calc_loss_8_off,0,944,457.35048772512107,0.0
off-policy,calc_loss_8_off,0,945,116.84678074887485,0.0
off-policy,calc_loss_8_off,0,946,206.8518918806807,0.0
off-policy,calc_loss_8_off,0,947,255.4356405377938,0.0
off-policy,calc_loss_8_off,0,948,464.35889223437704,0.0
off-policy,calc_loss_8_off,0,949,467.1358675226498,0.0
off-policy,calc_loss_8_off,0,950,119.72811566129245,0.0
off-policy,calc_loss_8_off,0,951,376.42346495687394,0.0
off-policy,calc_loss_8_off,0,952,462.9927352469765,0.0
off-policy,calc_loss_8_off,0,953,466.8685629837667,0.0
off-policy,calc_loss_8_off,0,954,464.81463398691415,0.0
off-policy,calc_loss_8_off,0,955,453.5248171568915,0.0
off-policy,calc_loss_8_off,0,956,155.79025362634334,0.0
off-policy,calc_loss_8_off,0,957,300.75697295489437,0.0
off-policy,calc_loss_8_off,0,958,246.19414866200626,0.0
off-policy,calc_loss_8_off,0,959,216.00721028544723,0.0
off-policy,calc_loss_8_off,0,960,248.79132422874827,0.0
off-policy,calc_loss_8_off,0,961,207.47970131365867,0.0
off-policy,calc_loss_8_off,0,962,174.62315595059897,0.0
off-policy,calc_loss_8_off,0,963,195.31871363737076,0.0
off-policy,calc_loss_8_off,0,964,461.81674521755957,0.0
off-policy,calc_loss_8_off,0,965,178.69619231276752,0.0
off-policy,calc_loss_8_off,0,966,210.59709995516525,0.0
off-policy,calc_loss_8_off,0,967,204.94037402827854,0.0
off-policy,calc_loss_8_off,0,968,178.5798040686702,0.0
off-policy,calc_loss_8_off,0,969,76.0860310862697,0.0
off-policy,calc_loss_8_off,0,970,216.73753722001413,0.0
off-policy,calc_loss_8_off,0,971,211.24786553938597,0.0
off-policy,calc_loss_8_off,0,972,78.21970752403246,0.0
off-policy,calc_loss_8_off,0,973,216.83073969802646,0.0
off-policy,calc_loss_8_off,0,974,184.82428730418346,0.0
off-policy,calc_loss_8_off,0,975,174.2811847650552,0.0
off-policy,calc_loss_8_off,0,976,467.0476948900307,0.0
off-policy,calc_loss_8_off,0,977,467.10663297242826,0.0
off-policy,calc_loss_8_off,0,978,208.37929080907568,0.0
off-policy,calc_loss_8_off,0,979,200.14670539160036,0.0
off-policy,calc_loss_8_off,0,980,466.93183615406423,0.0
off-policy,calc_loss_8_off,0,981,459.11755925395846,0.0
off-policy,calc_loss_8_off,0,982,120.49001961280796,0.0
off-policy,calc_loss_8_off,0,983,466.8814315933715,0.0
off-policy,calc_loss_8_off,0,984,238.0190787799715,0.0
off-policy,calc_loss_8_off,0,985,461.73428258364845,0.0
off-policy,calc_loss_8_off,0,986,115.16212039956989,0.0
off-policy,calc_loss_8_off,0,987,466.88545026303154,0.0
off-policy,calc_loss_8_off,0,988,467.03141996838576,0.0
off-policy,calc_loss_8_off,0,989,199.46492471126783,0.0
off-policy,calc_loss_8_off,0,990,447.3833462504136,0.0
off-policy,calc_loss_8_off,0,991,450.17164041570027,0.0
off-policy,calc_loss_8_off,0,992,467.2256735453931,0.0
off-policy,calc_loss_8_off,0,993,467.16322049281297,0.0
off-policy,calc_loss_8_off,0,994,460.6902970961541,0.0
off-policy,calc_loss_8_off,0,995,81.21433445476434,0.0
off-policy,calc_loss_8_off,0,996,212.51293297147322,0.0
off-policy,calc_loss_8_off,0,997,466.49032553244007,0.0
off-policy,calc_loss_8_off,0,998,376.81127479186586,0.0
off-policy,calc_loss_8_off,0,999,466.98975148087357,0.0
off-policy,calc_loss_8_off,0,1000,352.95651841436774,0.0
